"FullName","LastWriteTime"
"C:\Users\Administrator\OneDrive\Desktop\pro\src\components\accreditation\BulkOperations.jsx","3/14/2026 7:46:47 AM"
"C:\Users\Administrator\OneDrive\Desktop\pro\src\components\accreditation\ComposeEmailModal.jsx","3/14/2026 7:46:47 AM"
"C:\Users\Administrator\OneDrive\Desktop\pro\src\components\accreditation\ExportUtils.jsx","3/14/2026 7:46:47 AM"
"C:\Users\Administrator\OneDrive\Desktop\pro\src\components\accreditation\cardExport.js","3/14/2026 7:46:47 AM"
"C:\Users\Administrator\OneDrive\Desktop\pro\src\lib\imageDownload.js","3/14/2026 7:46:47 AM"
"C:\Users\Administrator\OneDrive\Desktop\pro\src\lib\email.js","3/14/2026 7:46:47 AM"
"C:\Users\Administrator\OneDrive\Desktop\pro\src\lib\broadcastApi.js","3/14/2026 7:46:47 AM"
"C:\Users\Administrator\OneDrive\Desktop\pro\src\components\ui\DataTable.jsx","3/14/2026 7:46:47 AM"
"C:\Users\Administrator\OneDrive\Desktop\pro\src\components\ui\SearchableSelect.jsx","3/14/2026 7:46:47 AM"
"C:\Users\Administrator\OneDrive\Desktop\pro\src\components\ui\Modal.jsx","3/14/2026 7:46:47 AM"
"C:\Users\Administrator\OneDrive\Desktop\pro\src\components\ui\Button.jsx","3/14/2026 7:46:47 AM"
"C:\Users\Administrator\OneDrive\Desktop\pro\src\components\ui\Badge.jsx","3/14/2026 7:46:47 AM"
"C:\Users\Administrator\OneDrive\Desktop\pro\src\components\ui\Input.jsx","3/14/2026 7:46:47 AM"
"C:\Users\Administrator\OneDrive\Desktop\pro\src\components\ui\Select.jsx","3/14/2026 7:46:47 AM"
"C:\Users\Administrator\OneDrive\Desktop\pro\src\components\ui\Toast.jsx","3/14/2026 7:46:47 AM"
"C:\Users\Administrator\OneDrive\Desktop\pro\src\components\ui\Skeleton.jsx","3/14/2026 7:46:47 AM"
"C:\Users\Administrator\OneDrive\Desktop\pro\src\components\ui\EmptyState.jsx","3/14/2026 7:46:47 AM"
"C:\Users\Administrator\OneDrive\Desktop\pro\src\components\ui\Card.jsx","3/14/2026 7:46:47 AM"
"C:\Users\Administrator\OneDrive\Desktop\pro\src\lib\pdfCapture.js","3/14/2026 7:46:47 AM"
"C:\Users\Administrator\OneDrive\Desktop\pro\src\pages\admin\Accreditations.jsx","3/14/2026 7:46:47 AM"
"C:\Users\Administrator\OneDrive\Desktop\pro\src\components\accreditation\BadgeGenerator.jsx","3/14/2026 7:46:47 AM"
"C:\Users\Administrator\OneDrive\Desktop\pro\src\components\EditAccreditationModal.jsx","3/14/2026 7:46:47 AM"
"C:\Users\Administrator\OneDrive\Desktop\pro\src\components\layout\AdminLayout.jsx","3/14/2026 7:46:47 AM"
"C:\Users\Administrator\OneDrive\Desktop\pro\src\components\layout\Sidebar.jsx","3/14/2026 7:46:47 AM"
"C:\Users\Administrator\OneDrive\Desktop\pro\src\components\accreditation\AccreditationCardPreview.jsx","3/14/2026 7:46:47 AM"
"C:\Users\Administrator\OneDrive\Desktop\pro\src\App.jsx","3/14/2026 7:46:47 AM"
"C:\Users\Administrator\OneDrive\Desktop\pro\src\lib\utils.js","3/14/2026 5:20:01 AM"
"C:\Users\Administrator\OneDrive\Desktop\pro\src\lib\pdfEmailHelper.js","3/14/2026 5:12:07 AM"
"C:\Users\Administrator\OneDrive\Desktop\pro\src\lib\pdfVectorEngine.js","3/14/2026 5:11:57 AM"
"C:\Users\Administrator\OneDrive\Desktop\pro\src\lib\pdfCache.js","3/14/2026 5:09:25 AM"
"C:\Users\Administrator\OneDrive\Desktop\pro\src\lib","3/13/2026 10:26:31 PM"
"C:\Users\Administrator\OneDrive\Desktop\pro\src\lib\storage.js","3/13/2026 9:11:39 PM"
